{
  "dataset": "fb15k237",
  "epochs": 100,
  "embed_dim": 100,
  "num_layers": 2,
  "top_k1": 100,
  "top_k2": 30,
  "k_r": 10,
  "k_t": 50,
  "margin": 1.0,
  "budget": 500,
  "metrics": {
    "entity_hit@1": 0.0033149171270718232,
    "entity_recall@1": 0.0016279341693706333,
    "ndcg@1": 0.0033149171270718232,
    "entity_hit@5": 0.059177409453652546,
    "entity_recall@5": 0.03188103963426248,
    "ndcg@5": 0.02156624650361062,
    "entity_hit@10": 0.07550644567219153,
    "entity_recall@10": 0.03847340811429205,
    "ndcg@10": 0.024207817183737317,
    "entity_hit@50": 0.13124616329036218,
    "entity_recall@50": 0.06954792617765679,
    "ndcg@50": 0.03424455622937129,
    "ndcg": 0.035725431917445455,
    "map": 0.016870742965806707,
    "mrr": 0.015960394655989397,
    "b2fh": 16.877533039647577,
    "b2fh_coverage": 0.13934929404542665,
    "avg_candidate_size": 500.0,
    "candidate_coverage": 0.0878265975144339,
    "coverage@10": 0.07550644567219153,
    "coverage@50": 0.13124616329036218,
    "coverage@100": 0.1379987722529159,
    "coverage@500": 0.13934929404542665,
    "coverage@1000": 0.13934929404542665,
    "coverage@5000": 0.13934929404542665,
    "coverage@10000": 0.13934929404542665,
    "coverage@50000": 0.13934929404542665,
    "coverage@100000": 0.13934929404542665,
    "n_triples": 20438.0,
    "n_heads": 8145.0
  }
}