{
  "config": "bpr+transe",
  "dataset": "fb15k237",
  "rel_predictor": "bpr",
  "kgc_model": "transe",
  "k_r": 10,
  "k_t": 50,
  "alpha": 0.5,
  "embed_dim": 128,
  "epochs": 200,
  "test_heads": 8145,
  "metrics": {
    "entity_hit@1": 0.005647636586863106,
    "entity_recall@1": 0.0028377522484336476,
    "ndcg@1": 0.005647636586863106,
    "entity_hit@5": 0.058686310620012276,
    "entity_recall@5": 0.029427574776399398,
    "ndcg@5": 0.01857428611928904,
    "entity_hit@10": 0.16316758747697974,
    "entity_recall@10": 0.09620226961394315,
    "ndcg@10": 0.042502231070049315,
    "entity_hit@50": 0.43879680785758135,
    "entity_recall@50": 0.29178041202277233,
    "ndcg@50": 0.09518108219486934,
    "ndcg": 0.1302480774683087,
    "map": 0.03356798240773348,
    "mrr": 0.030382926905716364,
    "b2fh": 73.55287817938421,
    "b2fh_coverage": 0.6419889502762431,
    "avg_candidate_size": 500.0,
    "candidate_coverage": 0.4274390840591056,
    "coverage@10": 0.16316758747697974,
    "coverage@50": 0.43879680785758135,
    "coverage@100": 0.4985880908532842,
    "coverage@500": 0.6419889502762431,
    "coverage@1000": 0.6419889502762431,
    "coverage@5000": 0.6419889502762431,
    "coverage@10000": 0.6419889502762431,
    "coverage@50000": 0.6419889502762431,
    "coverage@100000": 0.6419889502762431,
    "n_triples": 20438.0,
    "n_heads": 8145.0
  }
}