{
  "bpr+transe": {
    "hits@1": 0.0,
    "recall@1": 0.0,
    "ndcg@1": 0.0,
    "hits@5": 4.892846658185733e-05,
    "recall@5": 4.092490280335584e-05,
    "ndcg@5": 2.2288740643014445e-05,
    "hits@10": 0.003620706527057442,
    "recall@10": 0.003755059141799472,
    "ndcg@10": 0.0014520807041834014,
    "hits@50": 0.10377727762011939,
    "recall@50": 0.12976151694033825,
    "ndcg@50": 0.03383183533031423,
    "map": 0.007138470704901551,
    "mrr": 0.005391703449100977,
    "coverage@10": 0.009085328422344998,
    "coverage@50": 0.22529158993247392,
    "coverage@100": 0.269122160834868,
    "coverage@500": 0.3306322897483118,
    "coverage@1000": 0.35187231430325355,
    "coverage@5000": 0.3753222836095764,
    "coverage@10000": 0.37814610190300796,
    "coverage@50000": 0.7532228360957642,
    "coverage@100000": 0.861755678330264,
    "n_triples": 20438.0,
    "n_heads": 8145.0
  }
}