{
  "bpr+transe": {
    "hits@1": 0.0,
    "recall@1": 0.0,
    "ndcg@1": 0.0,
    "hits@5": 0.0,
    "recall@5": 0.0,
    "ndcg@5": 0.0,
    "hits@10": 0.0,
    "recall@10": 0.0,
    "ndcg@10": 0.0,
    "hits@50": 0.06194343869263137,
    "recall@50": 0.07559676504319558,
    "ndcg@50": 0.01697852388319645,
    "map": 0.00357131552458728,
    "mrr": 0.002662784872976929,
    "coverage@10": 0.0,
    "coverage@50": 0.14033149171270717,
    "coverage@100": 0.24039287906691223,
    "coverage@500": 0.32228360957642727,
    "coverage@1000": 0.3459791282995703,
    "coverage@5000": 0.3785144260282382,
    "coverage@10000": 0.38588090853284224,
    "coverage@50000": 0.7173726212400245,
    "coverage@100000": 0.8154696132596685,
    "n_triples": 20438.0,
    "n_heads": 8145.0
  }
}